municipality_code,municipality_name,region_name,recs,population_total,population_density,total_area_ha,land_area_ha,water_area_ha,urbanity_category,address_density
GM0014,Groningen,Groningen,Gemeente,243768,1314,19796,18553,1244,1,3472
GM0034,Almere,Almere,Gemeente,226500,1753,24877,12918,11959,2,1636
GM0037,Stadskanaal,Stadskanaal,Gemeente,32013,272,11994,11763,231,4,840
GM0047,Veendam,Veendam,Gemeente,27520,362,7868,7593,275,3,1016
GM0050,Zeewolde,Zeewolde,Gemeente,23899,97,26886,24711,2175,4,842
GM0059,Achtkarspelen,Achtkarspelen,Gemeente,28226,276,10398,10221,177,5,441
GM0060,Ameland,Ameland,Gemeente,3839,68,26850,5659,21191,5,269
GM0072,Harlingen,Harlingen,Gemeente,16229,650,38767,2496,36271,3,1102
GM0074,Heerenveen,Heerenveen,Gemeente,51787,273,19817,18997,820,3,1108
GM0080,Leeuwarden,Leeuwarden,Gemeente,128810,542,25506,23755,1750,2,2238
GM0085,Ooststellingwerf,Ooststellingwerf,Gemeente,25824,116,22611,22330,282,5,485
GM0086,Opsterland,Opsterland,Gemeente,30059,134,22764,22440,324,5,424
GM0088,Schiermonnikoog,Schiermonnikoog,Gemeente,972,23,20356,4293,16063,5,325
GM0090,Smallingerland,Smallingerland,Gemeente,56661,484,12617,11717,900,3,1349
GM0093,Terschelling,Terschelling,Gemeente,4898,56,67399,8721,58678,5,258
GM0096,Vlieland,Vlieland,Gemeente,1255,30,31580,4184,27396,5,222
GM0098,Weststellingwerf,Weststellingwerf,Gemeente,26487,120,22845,22020,825,4,699
GM0106,Assen,Assen,Gemeente,69701,851,8345,8188,157,2,1600
GM0109,Coevorden,Coevorden,Gemeente,35725,121,29969,29611,358,4,508
GM0114,Emmen,Emmen,Gemeente,109346,326,34626,33533,1093,4,867
GM0118,Hoogeveen,Hoogeveen,Gemeente,56591,444,12925,12754,171,3,1218
GM0119,Meppel,Meppel,Gemeente,35810,645,5703,5550,153,3,1302
GM0141,Almelo,Almelo,Gemeente,74317,1106,6941,6718,223,2,1623
GM0147,Borne,Borne,Gemeente,24639,948,2616,2599,17,3,1260
GM0148,Dalfsen,Dalfsen,Gemeente,29683,180,16652,16502,150,4,521
GM0150,Deventer,Deventer,Gemeente,103405,792,13433,13056,377,2,1874
GM0153,Enschede,Enschede,Gemeente,161738,1149,14272,14073,200,2,2220
GM0158,Haaksbergen,Haaksbergen,Gemeente,24359,232,10550,10478,72,3,1049
GM0160,Hardenberg,Hardenberg,Gemeente,62932,202,31715,31216,499,4,582
GM0163,Hellendoorn,Hellendoorn,Gemeente,36264,263,13899,13793,106,4,829
GM0164,Hengelo,Hengelo (O.),Gemeente,83058,1365,6183,6084,99,2,1897
GM0166,Kampen,Kampen,Gemeente,56177,398,16179,14123,2056,3,1459
GM0168,Losser,Losser,Gemeente,23376,237,9962,9874,88,4,768
GM0171,Noordoostpolder,Noordoostpolder,Gemeente,50035,109,59347,45809,13538,4,747
GM0173,Oldenzaal,Oldenzaal,Gemeente,31794,1475,2195,2155,40,3,1490
GM0175,Ommen,Ommen,Gemeente,19031,106,18201,17985,217,4,512
GM0177,Raalte,Raalte,Gemeente,38364,224,17229,17097,132,4,667
GM0180,Staphorst,Staphorst,Gemeente,17739,132,13569,13394,175,5,365
GM0183,Tubbergen,Tubbergen,Gemeente,21397,146,14744,14700,44,5,300
GM0184,Urk,Urk,Gemeente,21958,1671,11186,1314,9872,3,1088
GM0189,Wierden,Wierden,Gemeente,24931,264,9539,9460,78,4,711
GM0193,Zwolle,Zwolle,Gemeente,133141,1203,11936,11067,869,2,2105
GM0197,Aalten,Aalten,Gemeente,27308,283,9705,9653,52,4,781
GM0200,Apeldoorn,Apeldoorn,Gemeente,168211,495,34115,33986,129,2,1802
GM0202,Arnhem,Arnhem,Gemeente,167632,1715,10154,9774,380,2,2316
GM0203,Barneveld,Barneveld,Gemeente,62592,356,17666,17584,82,4,903
GM0209,Beuningen,Beuningen,Gemeente,26725,613,4709,4360,349,3,1013
GM0213,Brummen,Brummen,Gemeente,21286,255,8501,8363,138,4,800
GM0214,Buren,Buren,Gemeente,27773,208,14292,13360,933,5,303
GM0216,Culemborg,Culemborg,Gemeente,29944,1023,3114,2927,187,2,1503
GM0221,Doesburg,Doesburg,Gemeente,11079,959,1296,1156,140,4,823
GM0222,Doetinchem,Doetinchem,Gemeente,59623,754,7966,7904,61,3,1178
GM0225,Druten,Druten,Gemeente,19590,522,4246,3752,494,4,818
GM0226,Duiven,Duiven,Gemeente,24872,734,3519,3388,131,3,1169
GM0228,Ede,Ede,Gemeente,123532,388,31862,31815,48,2,1632
GM0230,Elburg,Elburg,Gemeente,23906,375,6591,6382,209,4,683
GM0232,Epe,Epe,Gemeente,33168,212,15737,15612,125,4,735
GM0233,Ermelo,Ermelo,Gemeente,27856,325,8733,8564,169,4,952
GM0243,Harderwijk,Harderwijk,Gemeente,49387,1269,4827,3892,935,2,1609
GM0244,Hattem,Hattem,Gemeente,12624,547,2416,2307,109,4,845
GM0246,Heerde,Heerde,Gemeente,19226,245,8042,7855,188,4,627
GM0252,Heumen,Heumen,Gemeente,16836,424,4154,3973,181,4,804
GM0262,Lochem,Lochem,Gemeente,34289,161,21594,21305,290,4,600
GM0263,Maasdriel,Maasdriel,Gemeente,26197,398,7546,6588,958,5,499
GM0267,Nijkerk,Nijkerk,Gemeente,45361,654,7204,6932,272,3,1152
GM0268,Nijmegen,Nijmegen,Gemeente,187049,3542,5763,5281,482,2,2436
GM0269,Oldebroek,Oldebroek,Gemeente,24281,249,9884,9766,117,4,659
GM0273,Putten,Putten,Gemeente,24978,293,8750,8521,229,4,918
GM0274,Renkum,Renkum,Gemeente,31419,684,4723,4596,128,4,927
GM0275,Rheden,Rheden,Gemeente,43661,534,8435,8177,257,3,1466
GM0277,Rozendaal,Rozendaal,Gemeente,1831,66,2792,2790,2,4,953
GM0279,Scherpenzeel,Scherpenzeel,Gemeente,10343,750,1381,1379,3,4,940
GM0281,Tiel,Tiel,Gemeente,42370,1292,3551,3280,271,3,1485
GM0285,Voorst,Voorst,Gemeente,25377,206,12647,12293,354,4,593
GM0289,Wageningen,Wageningen,Gemeente,42579,1400,3236,3042,194,2,2150
GM0293,Westervoort,Westervoort,Gemeente,15151,2160,784,701,83,3,1165
GM0294,Winterswijk,Winterswijk,Gemeente,29231,212,13882,13813,69,3,1225
GM0296,Wijchen,Wijchen,Gemeente,41545,629,6956,6604,352,3,1255
GM0297,Zaltbommel,Zaltbommel,Gemeente,30385,386,8904,7865,1039,4,708
GM0299,Zevenaar,Zevenaar,Gemeente,45041,486,10610,9262,1349,3,1043
GM0301,Zutphen,Zutphen,Gemeente,48752,1191,4293,4092,202,2,1679
GM0302,Nunspeet,Nunspeet,Gemeente,29072,226,12953,12873,80,4,816
GM0303,Dronten,Dronten,Gemeente,44354,133,42389,33360,9029,4,782
GM0307,Amersfoort,Amersfoort,Gemeente,161852,2590,6386,6249,137,2,2413
GM0308,Baarn,Baarn,Gemeente,25065,770,3301,3254,47,2,1641
GM0310,De Bilt,De Bilt,Gemeente,43718,661,6713,6619,94,3,1285
GM0312,Bunnik,Bunnik,Gemeente,16108,436,3757,3693,64,4,700
GM0313,Bunschoten,Bunschoten,Gemeente,22619,744,3481,3039,442,3,1226
GM0317,Eemnes,Eemnes,Gemeente,9755,314,3370,3104,266,4,993
GM0321,Houten,Houten,Gemeente,50847,926,5899,5490,408,2,1595
GM0327,Leusden,Leusden,Gemeente,31681,541,5889,5851,39,3,1298
GM0331,Lopik,Lopik,Gemeente,14724,195,7898,7556,342,5,368
GM0335,Montfoort,Montfoort,Gemeente,13868,369,3820,3758,62,4,756
GM0339,Renswoude,Renswoude,Gemeente,5753,313,1851,1839,12,4,528
GM0340,Rhenen,Rhenen,Gemeente,20235,482,4376,4202,173,4,937
GM0342,Soest,Soest,Gemeente,47682,1031,4643,4625,18,3,1478
GM0344,Utrecht,Utrecht,Gemeente,374238,3991,9921,9377,544,1,3614
GM0345,Veenendaal,Veenendaal,Gemeente,69440,3575,1972,1942,30,2,2260
GM0351,Woudenberg,Woudenberg,Gemeente,14637,401,3682,3652,30,3,1008
GM0352,Wijk bij Duurstede,Wijk bij Duurstede,Gemeente,23945,503,5040,4758,283,3,1151
GM0353,IJsselstein,IJsselstein,Gemeente,33421,1591,2168,2101,67,2,1882
GM0355,Zeist,Zeist,Gemeente,66641,1374,4865,4850,15,2,1634
GM0356,Nieuwegein,Nieuwegein,Gemeente,65971,2817,2565,2342,223,2,1983
GM0358,Aalsmeer,Aalsmeer,Gemeente,33279,1656,3229,2010,1219,4,978
GM0361,Alkmaar,Alkmaar,Gemeente,112304,1018,11735,11031,703,2,2349
GM0362,Amstelveen,Amstelveen,Gemeente,95014,2311,4408,4111,297,1,2546
GM0363,Amsterdam,Amsterdam,Gemeente,931298,4950,24365,18812,5553,1,6099
GM0373,Bergen (NH.),Bergen (NH.),Gemeente,29932,302,12023,9900,2123,4,830
GM0375,Beverwijk,Beverwijk,Gemeente,42866,2336,2009,1835,173,1,2816
GM0376,Blaricum,Blaricum,Gemeente,12724,1149,1556,1107,449,3,1092
GM0377,Bloemendaal,Bloemendaal,Gemeente,23786,598,4523,3977,546,3,1114
GM0383,Castricum,Castricum,Gemeente,36366,733,6040,4964,1076,3,1362
GM0384,Diemen,Diemen,Gemeente,32977,2760,1404,1195,209,1,2852
GM0385,Edam-Volendam,Edam-Volendam,Gemeente,36917,680,8000,5432,2567,3,1330
GM0388,Enkhuizen,Enkhuizen,Gemeente,18895,1492,11625,1266,10358,3,1398
GM0392,Haarlem,Haarlem,Gemeente,167636,5739,3209,2921,288,1,3699
GM0394,Haarlemmermeer,Haarlemmermeer,Gemeente,163128,827,20631,19721,910,2,1541
GM0396,Heemskerk,Heemskerk,Gemeente,39452,1447,3168,2727,441,2,2382
GM0397,Heemstede,Heemstede,Gemeente,27593,3008,964,917,47,2,1791
GM0399,Heiloo,Heiloo,Gemeente,24312,1300,1901,1871,31,3,1381
GM0400,Den Helder,Den Helder,Gemeente,56432,1251,17880,4510,13370,2,1695
GM0402,Hilversum,Hilversum,Gemeente,94435,2070,4636,4561,75,1,2799
GM0405,Hoorn,Hoorn,Gemeente,75645,3713,5346,2037,3308,2,1731
GM0406,Huizen,Huizen,Gemeente,41193,2605,2332,1581,751,2,2058
GM0415,Landsmeer,Landsmeer,Gemeente,11661,520,2650,2244,407,3,1042
GM0417,Laren,Laren (NH.),Gemeente,11439,922,1241,1241,0,3,1118
GM0420,Medemblik,Medemblik,Gemeente,46002,379,25756,12123,13633,4,528
GM0431,Oostzaan,Oostzaan,Gemeente,9694,839,1608,1156,452,3,1068
GM0432,Opmeer,Opmeer,Gemeente,12199,294,4194,4148,46,4,555
GM0437,Ouder-Amstel,Ouder-Amstel,Gemeente,14447,603,2578,2395,183,3,1292
GM0439,Purmerend,Purmerend,Gemeente,95168,1017,9663,9361,302,2,2177
GM0441,Schagen,Schagen,Gemeente,47744,284,18728,16799,1929,4,761
GM0448,Texel,Texel,Gemeente,13815,85,46316,16226,30090,5,493
GM0450,Uitgeest,Uitgeest,Gemeente,13400,700,2229,1916,313,3,1098
GM0451,Uithoorn,Uithoorn,Gemeente,31685,1749,1942,1812,130,3,1469
GM0453,Velsen,Velsen,Gemeente,69241,1538,6317,4503,1814,2,1890
GM0473,Zandvoort,Zandvoort,Gemeente,17469,545,4397,3208,1189,2,1839
GM0479,Zaanstad,Zaanstad,Gemeente,161389,2189,8324,7374,949,2,2117
GM0482,Alblasserdam,Alblasserdam,Gemeente,20314,2316,1006,877,129,2,1530
GM0484,Alphen aan den Rijn,Alphen aan den Rijn,Gemeente,114966,913,13250,12593,657,2,1918
GM0489,Barendrecht,Barendrecht,Gemeente,48690,2487,2173,1958,215,2,1692
GM0498,Drechterland,Drechterland,Gemeente,20496,348,8059,5888,2170,4,519
GM0502,Capelle aan den IJssel,Capelle aan den IJssel,Gemeente,67925,4803,1540,1414,126,2,2284
GM0503,Delft,Delft,Gemeente,109577,4835,2406,2266,140,1,3801
GM0505,Dordrecht,Dordrecht,Gemeente,122070,1574,9947,7756,2191,1,2555
GM0512,Gorinchem,Gorinchem,Gemeente,38671,2066,2193,1871,322,2,1755
GM0513,Gouda,Gouda,Gemeente,75758,4592,1811,1650,161,1,2579
GM0518,'s-Gravenhage,'s-Gravenhage,Gemeente,566221,6868,9812,8244,1568,1,5070
GM0523,Hardinxveld-Giessendam,Hardinxveld-Giessendam,Gemeente,18762,1113,1935,1686,250,4,993
GM0531,Hendrik-Ido-Ambacht,Hendrik-Ido-Ambacht,Gemeente,32689,3209,1190,1019,171,2,1878
GM0532,Stede Broec,Stede Broec,Gemeente,22217,1534,1637,1448,189,3,1176
GM0534,Hillegom,Hillegom,Gemeente,22822,1775,1347,1286,61,2,1611
GM0537,Katwijk,Katwijk,Gemeente,66966,2700,3115,2481,634,2,2186
GM0542,Krimpen aan den IJssel,Krimpen aan den IJssel,Gemeente,29626,3861,895,767,128,2,1971
GM0546,Leiden,Leiden,Gemeente,130108,5954,2327,2185,142,1,3914
GM0547,Leiderdorp,Leiderdorp,Gemeente,27736,2413,1228,1150,78,1,2571
GM0553,Lisse,Lisse,Gemeente,23447,1494,1605,1570,36,2,1669
GM0556,Maassluis,Maassluis,Gemeente,35832,4243,1012,844,168,2,2086
GM0569,Nieuwkoop,Nieuwkoop,Gemeente,29501,376,9116,7846,1270,4,510
GM0575,Noordwijk,Noordwijk,Gemeente,45734,784,7494,5834,1660,3,1443
GM0579,Oegstgeest,Oegstgeest,Gemeente,25948,3557,797,729,67,2,1790
GM0589,Oudewater,Oudewater,Gemeente,10223,263,4010,3890,120,4,872
GM0590,Papendrecht,Papendrecht,Gemeente,32178,3418,1079,941,138,2,1906
GM0597,Ridderkerk,Ridderkerk,Gemeente,47721,2033,2526,2348,179,2,1762
GM0599,Rotterdam,Rotterdam,Gemeente,670610,3070,32414,21842,10572,1,4090
GM0603,Rijswijk,Rijswijk (ZH.),Gemeente,59642,4267,1450,1398,53,1,3241
GM0606,Schiedam,Schiedam,Gemeente,81838,4596,1986,1781,205,1,3382
GM0610,Sliedrecht,Sliedrecht,Gemeente,26261,2044,1401,1285,117,2,1642
GM0613,Albrandswaard,Albrandswaard,Gemeente,26428,1220,2376,2167,209,3,1057
GM0622,Vlaardingen,Vlaardingen,Gemeente,76409,3270,2669,2336,333,1,2836
GM0626,Voorschoten,Voorschoten,Gemeente,25625,2306,1156,1111,45,2,1858
GM0627,Waddinxveen,Waddinxveen,Gemeente,34000,1225,2940,2775,164,2,1581
GM0629,Wassenaar,Wassenaar,Gemeente,27100,530,6240,5118,1123,3,1485
GM0632,Woerden,Woerden,Gemeente,53724,607,9292,8855,437,3,1428
GM0637,Zoetermeer,Zoetermeer,Gemeente,128434,3730,3705,3443,262,1,2547
GM0638,Zoeterwoude,Zoeterwoude,Gemeente,9732,460,2196,2116,80,4,891
GM0642,Zwijndrecht,Zwijndrecht,Gemeente,44874,2210,2277,2031,247,2,2101
GM0654,Borsele,Borsele,Gemeente,23121,163,19452,14147,5304,5,325
GM0664,Goes,Goes,Gemeente,39682,429,10192,9248,944,3,1386
GM0668,West Maas en Waal,West Maas en Waal,Gemeente,20330,267,8521,7619,902,5,434
GM0677,Hulst,Hulst,Gemeente,27330,136,25182,20126,5056,4,511
GM0678,Kapelle,Kapelle,Gemeente,13009,350,4963,3713,1249,4,656
GM0687,Middelburg,Middelburg (Z.),Gemeente,50004,1034,5304,4838,466,2,1798
GM0703,Reimerswaal,Reimerswaal,Gemeente,23325,229,24242,10176,14066,4,521
GM0715,Terneuzen,Terneuzen,Gemeente,55132,220,31776,25013,6763,4,889
GM0716,Tholen,Tholen,Gemeente,26851,183,25400,14672,10729,5,497
GM0717,Veere,Veere,Gemeente,22067,166,20655,13299,7356,5,354
GM0718,Vlissingen,Vlissingen,Gemeente,45389,1321,34484,3437,31047,2,2011
GM0736,De Ronde Venen,De Ronde Venen,Gemeente,45813,460,11698,9968,1730,4,910
GM0737,Tytsjerksteradiel,Tytsjerksteradiel,Gemeente,32595,219,16141,14863,1277,5,495
GM0743,Asten,Asten,Gemeente,17302,246,7134,7021,113,3,1004
GM0744,Baarle-Nassau,Baarle-Nassau,Gemeente,7076,93,7629,7612,16,5,362
GM0748,Bergen op Zoom,Bergen op Zoom,Gemeente,69694,872,9313,7997,1316,2,1917
GM0753,Best,Best,Gemeente,31223,921,3465,3389,76,3,1472
GM0755,Boekel,Boekel,Gemeente,11293,327,3452,3450,2,4,573
GM0757,Boxtel,Boxtel,Gemeente,33979,492,7032,6901,131,3,1167
GM0758,Breda,Breda,Gemeente,188078,1496,12868,12569,299,2,2275
GM0762,Deurne,Deurne,Gemeente,33180,284,11836,11676,160,4,916
GM0765,Pekela,Pekela,Gemeente,12517,255,5020,4904,117,4,535
GM0766,Dongen,Dongen,Gemeente,27095,927,2974,2923,51,3,1266
GM0770,Eersel,Eersel,Gemeente,20199,245,8333,8247,86,4,593
GM0772,Eindhoven,Eindhoven,Gemeente,246417,2800,8936,8802,135,1,2842
GM0777,Etten-Leur,Etten-Leur,Gemeente,45237,818,5592,5529,63,2,1755
GM0779,Geertruidenberg,Geertruidenberg,Gemeente,22060,829,2964,2660,304,3,1149
GM0784,Gilze en Rijen,Gilze en Rijen,Gemeente,27343,418,6566,6538,28,3,1104
GM0785,Goirle,Goirle,Gemeente,24327,566,4338,4297,40,3,1200
GM0794,Helmond,Helmond,Gemeente,95874,1803,5475,5317,159,2,1857
GM0796,'s-Hertogenbosch,'s-Hertogenbosch,Gemeente,160757,1468,11781,10948,833,2,2059
GM0797,Heusden,Heusden,Gemeente,46026,584,8122,7886,236,3,1120
GM0798,Hilvarenbeek,Hilvarenbeek,Gemeente,15961,168,9651,9487,164,4,592
GM0809,Loon op Zand,Loon op Zand,Gemeente,23850,478,5071,4992,80,3,1070
GM0820,"Nuenen, Gerwen en Nederwetten","Nuenen, Gerwen en Nederwetten",Gemeente,24231,720,3394,3365,30,3,1143
GM0823,Oirschot,Oirschot,Gemeente,19280,189,10284,10179,105,4,629
GM0824,Oisterwijk,Oisterwijk,Gemeente,32952,411,8146,8011,135,4,942
GM0826,Oosterhout,Oosterhout,Gemeente,57924,811,7309,7143,166,2,1576
GM0828,Oss,Oss,Gemeente,94634,584,17093,16201,892,3,1439
GM0840,Rucphen,Rucphen,Gemeente,23920,372,6448,6438,9,4,695
GM0845,Sint-Michielsgestel,Sint-Michielsgestel,Gemeente,30094,516,5934,5835,99,4,663
GM0847,Someren,Someren,Gemeente,20188,252,8150,8010,140,4,758
GM0848,Son en Breugel,Son en Breugel,Gemeente,17959,692,2651,2595,56,4,722
GM0851,Steenbergen,Steenbergen,Gemeente,24476,167,15914,14650,1264,4,750
GM0852,Waterland,Waterland,Gemeente,17525,337,11566,5199,6367,4,656
GM0855,Tilburg,Tilburg,Gemeente,229836,1826,12846,12589,257,1,2908
GM0858,Valkenswaard,Valkenswaard,Gemeente,31714,578,5650,5491,160,2,1511
GM0861,Veldhoven,Veldhoven,Gemeente,46827,1478,3189,3168,21,2,1677
GM0865,Vught,Vught,Gemeente,32356,539,6112,6002,110,3,1176
GM0866,Waalre,Waalre,Gemeente,17988,804,2266,2238,28,4,895
GM0867,Waalwijk,Waalwijk,Gemeente,50302,779,6765,6454,311,3,1349
GM0873,Woensdrecht,Woensdrecht,Gemeente,22208,242,9197,9166,31,4,673
GM0879,Zundert,Zundert,Gemeente,22553,187,12121,12059,62,4,603
GM0880,Wormerland,Wormerland,Gemeente,16552,430,4518,3851,666,3,1498
GM0882,Landgraaf,Landgraaf,Gemeente,37112,1510,2467,2458,8,3,1464
GM0888,Beek,Beek (L.),Gemeente,16215,770,2107,2107,0,4,887
GM0889,Beesel,Beesel,Gemeente,13394,480,2915,2788,128,4,762
GM0893,Bergen (L.),Bergen (L.),Gemeente,13154,127,10850,10326,524,5,315
GM0899,Brunssum,Brunssum,Gemeente,27770,1611,1734,1724,10,2,1665
GM0907,Gennep,Gennep,Gemeente,17789,374,5042,4757,285,4,665
GM0917,Heerlen,Heerlen,Gemeente,87461,1948,4553,4491,62,2,1853
GM0928,Kerkrade,Kerkrade,Gemeente,45311,2068,2215,2191,24,2,1736
GM0935,Maastricht,Maastricht,Gemeente,125285,2246,6012,5579,433,1,2646
GM0938,Meerssen,Meerssen,Gemeente,18576,695,2766,2673,93,4,619
GM0944,Mook en Middelaar,Mook en Middelaar,Gemeente,8153,469,1881,1739,142,5,449
GM0946,Nederweert,Nederweert,Gemeente,17492,175,10178,9990,188,4,657
GM0957,Roermond,Roermond,Gemeente,60743,1002,7105,6064,1042,2,1605
GM0965,Simpelveld,Simpelveld,Gemeente,10255,640,1603,1603,0,4,681
GM0971,Stein,Stein (L.),Gemeente,24744,1183,2280,2092,188,4,906
GM0981,Vaals,Vaals,Gemeente,10121,424,2390,2389,1,3,1071
GM0983,Venlo,Venlo,Gemeente,103789,836,12899,12416,483,2,1674
GM0984,Venray,Venray,Gemeente,44662,274,16500,16318,182,3,1039
GM0986,Voerendaal,Voerendaal,Gemeente,12375,393,3152,3151,1,4,549
GM0988,Weert,Weert,Gemeente,51079,490,10554,10425,129,3,1365
GM0994,Valkenburg aan de Geul,Valkenburg aan de Geul,Gemeente,16431,447,3692,3673,20,4,673
GM0995,Lelystad,Lelystad,Gemeente,84080,367,76545,22900,53645,3,1422
GM1507,Horst aan de Maas,Horst aan de Maas,Gemeente,43917,233,19192,18867,324,4,582
GM1509,Oude IJsselstreek,Oude IJsselstreek,Gemeente,39402,290,13795,13607,188,4,660
GM1525,Teylingen,Teylingen,Gemeente,38470,1358,3349,2832,517,3,1426
GM1581,Utrechtse Heuvelrug,Utrechtse Heuvelrug,Gemeente,50550,383,13394,13202,192,4,805
GM1586,Oost Gelre,Oost Gelre,Gemeente,29969,273,11044,10993,50,4,755
GM1598,Koggenland,Koggenland,Gemeente,23587,294,8408,8026,383,5,444
GM1621,Lansingerland,Lansingerland,Gemeente,65594,1231,5639,5327,312,3,1367
GM1640,Leudal,Leudal,Gemeente,36006,222,16491,16251,240,5,398
GM1641,Maasgouw,Maasgouw,Gemeente,24406,534,5812,4570,1242,5,451
GM1652,Gemert-Bakel,Gemert-Bakel,Gemeente,31435,258,12334,12207,127,4,798
GM1655,Halderberge,Halderberge,Gemeente,31183,419,7521,7444,77,4,760
GM1658,Heeze-Leende,Heeze-Leende,Gemeente,16807,162,10504,10392,112,4,594
GM1659,Laarbeek,Laarbeek,Gemeente,23220,420,5617,5535,82,4,656
GM1667,Reusel-De Mierden,Reusel-De Mierden,Gemeente,13577,174,7866,7781,85,4,598
GM1669,Roerdalen,Roerdalen,Gemeente,20806,236,8879,8821,57,5,395
GM1674,Roosendaal,Roosendaal,Gemeente,77559,728,10716,10650,67,2,1761
GM1676,Schouwen-Duiveland,Schouwen-Duiveland,Gemeente,34631,151,48821,22860,25961,5,490
GM1680,Aa en Hunze,Aa en Hunze,Gemeente,25845,94,27887,27606,281,5,283
GM1681,Borger-Odoorn,Borger-Odoorn,Gemeente,26014,95,27789,27469,321,5,265
GM1690,De Wolden,De Wolden,Gemeente,24580,110,22635,22439,196,5,315
GM1695,Noord-Beveland,Noord-Beveland,Gemeente,7943,92,12158,8600,3558,5,253
GM1696,Wijdemeren,Wijdemeren,Gemeente,24605,518,7636,4754,2882,4,603
GM1699,Noordenveld,Noordenveld,Gemeente,31686,159,20529,19901,628,4,694
GM1700,Twenterand,Twenterand,Gemeente,34073,321,10814,10614,199,4,613
GM1701,Westerveld,Westerveld,Gemeente,20003,72,28274,27865,409,5,217
GM1705,Lingewaard,Lingewaard,Gemeente,47314,764,6914,6196,718,4,979
GM1706,Cranendonck,Cranendonck,Gemeente,20841,272,7805,7650,155,4,606
GM1708,Steenwijkerland,Steenwijkerland,Gemeente,45472,158,32159,28831,3328,4,575
GM1709,Moerdijk,Moerdijk,Gemeente,38091,239,18403,15917,2486,4,754
GM1711,Echt-Susteren,Echt-Susteren,Gemeente,32041,311,10462,10302,160,4,749
GM1714,Sluis,Sluis,Gemeente,23150,83,30716,27860,2856,5,459
GM1719,Drimmelen,Drimmelen,Gemeente,28192,297,11943,9505,2438,4,826
GM1721,Bernheze,Bernheze,Gemeente,32527,363,9041,8973,68,4,701
GM1723,Alphen-Chaam,Alphen-Chaam,Gemeente,10455,112,9352,9298,54,5,330
GM1724,Bergeijk,Bergeijk,Gemeente,19196,190,10175,10102,74,4,512
GM1728,Bladel,Bladel,Gemeente,20985,279,7562,7533,29,4,709
GM1729,Gulpen-Wittem,Gulpen-Wittem,Gemeente,14054,192,7336,7318,18,5,285
GM1730,Tynaarlo,Tynaarlo,Gemeente,34736,243,14770,14288,482,4,506
GM1731,Midden-Drenthe,Midden-Drenthe,Gemeente,34092,100,34587,34062,525,5,404
GM1734,Overbetuwe,Overbetuwe,Gemeente,48919,449,11508,10903,605,4,812
GM1735,Hof van Twente,Hof van Twente,Gemeente,35446,167,21541,21243,298,4,605
GM1740,Neder-Betuwe,Neder-Betuwe,Gemeente,25708,429,6746,5999,747,5,463
GM1742,Rijssen-Holten,Rijssen-Holten,Gemeente,38675,411,9438,9412,25,3,1101
GM1771,Geldrop-Mierlo,Geldrop-Mierlo,Gemeente,40733,1313,3139,3101,37,3,1390
GM1773,Olst-Wijhe,Olst-Wijhe,Gemeente,18835,166,11837,11366,471,5,484
GM1774,Dinkelland,Dinkelland,Gemeente,26739,152,17683,17572,110,5,470
GM1783,Westland,Westland,Gemeente,115941,1436,9074,8076,998,3,1482
GM1842,Midden-Delfland,Midden-Delfland,Gemeente,19377,411,4938,4719,219,3,1389
GM1859,Berkelland,Berkelland,Gemeente,43933,170,26021,25809,212,4,651
GM1876,Bronckhorst,Bronckhorst,Gemeente,36119,127,28642,28353,289,5,385
GM1883,Sittard-Geleen,Sittard-Geleen,Gemeente,92650,1179,8058,7861,197,2,1532
GM1884,Kaag en Braassem,Kaag en Braassem,Gemeente,29168,462,7224,6313,910,4,694
GM1891,Dantumadiel,Dantumadiel,Gemeente,19135,226,8753,8460,293,5,461
GM1892,Zuidplas,Zuidplas,Gemeente,47843,825,6405,5796,609,3,1209
GM1894,Peel en Maas,Peel en Maas,Gemeente,45534,286,16135,15935,200,4,597
GM1895,Oldambt,Oldambt,Gemeente,39405,174,29596,22657,6939,4,850
GM1896,Zwartewaterland,Zwartewaterland,Gemeente,23448,285,8786,8236,550,4,737
GM1900,Súdwest-Fryslân,Súdwest-Fryslân,Gemeente,90421,173,90786,52270,38516,4,855
GM1901,Bodegraven-Reeuwijk,Bodegraven-Reeuwijk,Gemeente,36569,485,8864,7540,1324,3,1155
GM1903,Eijsden-Margraten,Eijsden-Margraten,Gemeente,26034,336,7877,7756,121,5,472
GM1904,Stichtse Vecht,Stichtse Vecht,Gemeente,65878,686,10682,9604,1078,3,1202
GM1911,Hollands Kroon,Hollands Kroon,Gemeente,49522,138,66220,35763,30456,5,447
GM1916,Leidschendam-Voorburg,Leidschendam-Voorburg,Gemeente,78229,2399,3562,3261,301,1,3017
GM1924,Goeree-Overflakkee,Goeree-Overflakkee,Gemeente,51867,198,42235,26220,16015,4,650
GM1926,Pijnacker-Nootdorp,Pijnacker-Nootdorp,Gemeente,57932,1571,3862,3687,174,2,1586
GM1930,Nissewaard,Nissewaard,Gemeente,87639,1195,8379,7331,1048,2,2070
GM1931,Krimpenerwaard,Krimpenerwaard,Gemeente,57785,390,16131,14832,1299,4,801
GM1940,De Fryske Marren,De Fryske Marren,Gemeente,51929,148,54910,35121,19789,4,538
GM1942,Gooise Meren,Gooise Meren,Gemeente,60370,1457,7521,4143,3377,2,1910
GM1945,Berg en Dal,Berg en Dal,Gemeente,35474,411,9328,8639,689,4,667
GM1948,Meierijstad,Meierijstad,Gemeente,84304,458,18552,18400,152,3,1016
GM1949,Waadhoeke,Waadhoeke,Gemeente,46911,164,31582,28542,3040,5,477
GM1950,Westerwolde,Westerwolde,Gemeente,26465,96,28065,27577,488,5,287
GM1952,Midden-Groningen,Midden-Groningen,Gemeente,61433,221,29577,27795,1782,4,872
GM1954,Beekdaelen,Beekdaelen,Gemeente,35896,458,7849,7830,19,4,501
GM1955,Montferland,Montferland,Gemeente,36873,349,10664,10570,94,4,784
GM1959,Altena,Altena,Gemeente,58277,292,22664,19974,2690,4,521
GM1960,West Betuwe,West Betuwe,Gemeente,52948,245,22912,21593,1319,5,474
GM1961,Vijfheerenlanden,Vijfheerenlanden,Gemeente,61669,422,15331,14628,703,4,950
GM1963,Hoeksche Waard,Hoeksche Waard,Gemeente,90256,336,32369,26854,5515,4,852
GM1966,Het Hogeland,Het Hogeland,Gemeente,48224,101,90308,47674,42634,5,417
GM1969,Westerkwartier,Westerkwartier,Gemeente,64896,179,36887,36263,624,5,490
GM1970,Noardeast-Fryslân,Noardeast-Fryslân,Gemeente,45866,121,51645,37922,13723,5,477
GM1978,Molenlanden,Molenlanden,Gemeente,45271,249,19158,18157,1001,5,402
GM1979,Eemsdelta,Eemsdelta,Gemeente,45106,168,36407,26807,9600,4,714
GM1980,Dijk en Waard,Dijk en Waard,Gemeente,90076,1455,6702,6190,512,3,1480
GM1982,Land van Cuijk,Land van Cuijk,Gemeente,91722,269,35188,34126,1061,4,651
GM1991,Maashorst,Maashorst,Gemeente,59222,431,13824,13733,91,3,1195
GM1992,Voorne aan Zee,Voorne aan Zee,Gemeente,74304,610,18983,12177,6806,3,1186
